Word,Category
hotel,Hotel
reservation,Hotel
room,Hotel
check-in,Hotel
suite,Hotel
lobby,Hotel
concierge,Hotel
vacancy,Hotel
amenities,Hotel
front-desk,Hotel
housekeeping,Hotel
bellhop,Hotel
luxury,Hotel
comfort,Hotel
restaurant,Restaurant
menu,Restaurant
reservation,Restaurant
table,Restaurant
cuisine,Restaurant
chef,Restaurant
waiter,Restaurant
dining,Restaurant
buffet,Restaurant
bar,Restaurant
gym,Gym
workout,Gym
fitness,Gym
exercise,Gym
trainer,Gym
equipment,Gym
membership,Gym
yoga,Gym
cardio,Gym
coaching,Coaching
mentor,Consultant
tutor,Coaching
education,Coaching
training,Coaching
guidance,Coaching
learning,Coaching
development,Coaching
workshop,Coaching
seminar,Coaching
spa,Spa
body building,Gym
food,Restaurant
food to eat,Restaurant
eat,Restaurant
eating places,Restaurant
massage,Spa
relaxation,Spa
treatment,Spa
therapist,Spa
wellness,Spa
meditation,Spa
facial,Spa
sauna,Spa
consultant,Consultant
advisor,Consultant
expert,Consultant
professional,Consultant
specialist,Consultant
guidance,Consultant
analysis,Consultant
strategy,Consultant
solution,Consultant
project,Consultant
book a room at the hotel,Hotel
reservation for two at the hotel,Hotel
suite with a view,Hotel
check-in time,Hotel
hotel amenities,Hotel
front-desk assistance,Hotel
housekeeping services,Hotel
luxurious accommodation,Hotel
enjoy a meal at the restaurant,Restaurant
view the menu online,Restaurant
make a reservation for dinner,Restaurant
table by the window,Restaurant
taste the local cuisine,Restaurant
meet the chef,Restaurant
attentive waiter service,Restaurant
dining experience,Restaurant
buffet breakfast,Restaurant
relax at the spa,Spa
schedule a massage,Spa
pamper yourself with a facial,Spa
book a relaxation treatment,Spa
trained spa therapist,Spa
wellness retreat,Spa
meditation session,Spa
sauna facilities,Spa
personalized coaching session,Coaching
mentorship program,Consultant
one-on-one tutoring,Coaching
education and training services,Coaching
career guidance,Consultant
continuous learning opportunities,Coaching
professional development workshops,Coaching
fitness gym membership,Gym
personalized workout plan,Gym
cardio exercises,Gym
yoga classes,Gym
dpa,Spa
apa,Spa
book an appointment with consultant,Consultant
book an appointment with trainer,Gym
book an appointment with professional teachers,Coaching
trained fitness trainer,Gym
state-of-the-art gym equipment,Gym
group fitness sessions,Gym
consult with a professional,Consultant
get expert advice,Consultant
specialized expertise,Consultant
professional consultation services,Consultant
tailored solutions,Consultant
guidance for your project,Consultant
analysis of your business needs,Consultant
develop a strategy,Consultant
improve your business processes,Consultant
book a room with a king-sized bed,Hotel
request a late check-out,Hotel
hotel shuttle service,Hotel
concierge assistance,Hotel
vacancy for the weekend,Hotel
complimentary breakfast,Hotel
conference room booking,Hotel
relaxing staycation,Hotel
stay,Hotel
try the chef's special,Restaurant
reserve a table for four,Restaurant
private dining room,Restaurant
cocktail menu,Restaurant
vegetarian options available,Restaurant
family-friendly atmosphere,Restaurant
dessert selection,Restaurant
takeaway service,Restaurant
unwind with a hot stone massage,Spa
aromatherapy session,Spa
couples massage package,Spa
facial rejuvenation treatment,Spa
body exfoliation scrub,Spa
hot tub relaxation,Spa
aromatic steam room,Spa
lifestyle coaching session,Coaching
academic tutoring program,Coaching
career development workshops,Consultant
leadership mentoring,Consultant
personal growth seminars,Coaching
health and wellness coaching,Coaching
fitness assessment consultation,Gym
strength training program,Gym
HIIT workout sessions,Gym
group exercise classes,Gym
nutrition consultation,Gym
personalized fitness goals,Gym
equipment orientation session,Gym
professional consulting services,Consultant
financial advisory services,Consultant
marketing strategy development,Consultant
IT consultancy solutions,Consultant
legal consultation,Consultant
project management expertise,Consultant
business analysis and planning,Consultant
optimize your operations,Consultant
book a rom at the htel,Hotel
resevation for to at the htel,Hotel
suite with a vuew,Hotel
chek-in time,Hotel
hotle ameniteis,Hotel
fron-desk assistnce,Hotel
housekeepin services,Hotel
luxurios accomodation,Hotel
enjoy a meal at the resturant,Restaurant
viwe the menue online,Restaurant
make a resrvation for dinner,Restaurant
table by the windo,Restaurant
taste the locl cusine,Restaurant
meat the chef,Restaurant
attenive waiter servise,Restaurant
dinnng experience,Restaurant
buffet breakfst,Restaurant
relax at the spa,Spa
schdul a masage,Spa
pamper yourself with a facal,Spa
book a relaxashun treetment,Spa
trained spa thearpist,Spa
wellnes retereat,Spa
meditation seshun,Spa
sauna facilites,Spa
persinalized coaching seshun,Coaching
mentorship progrem,Consultant
one-on-one tutering,Coaching
educashun and training servces,Coaching
carreer guidanse,Consultant
continous learnin opportunites,Coaching
profesional developemnt workshops,Coaching
fitnss gym membershep,Gym
personalized workut plan,Gym
cardio exersises,Gym
yogo classes,Gym
trained fitness traner,Gym
state-of-the-art gym equpment,Gym
group fitnes sesions,Gym
consolt with a profesional,Consultant
get expart advce,Consultant
specializd expertiese,Consultant
profeshunal consultashun servces,Consultant
tailed solutons,Consultant
guidance for yor projct,Consultant
analisys of yur bisness needs,Consultant
develp a strategy,Consultant
improv your busines proceses,Consultant